IUPAC Name,SMILES,CAS Number,Volume%,Steady State Concentration (uM),Molecular Weight (g/mol),Density (g/ml)
Nonane ,CCCCCCCCC,111-84-2,0.048327203,2706.62,128.20,0.72
4-Methyl Nonane ,CCCCCC(C)CCC,17301-94-9,0.504295012,25874.01,142.28,0.73
Decane ,CCCCCCCCCC,124-18-5,0.066583374,3415.97,142.29,0.73
4-Nonanone ,CCCCCC(=O)CCC,4485-09-0,0.020100105,1130.49,142.24,0.80
3-Methyl Decane ,CCCCCCCC(C)CC,13151-34-3,0.026852163,1202.52,156.31,0.70
4-Decanone ,CCCCCCC(=O)CCC,624-16-8,1.694379401,89343.36,156.27,0.82
Undecane ,CCCCCCCCCCC,1120-21-4,5.055726708,239347.31,156.31,0.74
6-Methyl Undecane ,CCCCCC(C)CCCCC,17302-33-9,0.646675494,28379.61,170.33,0.75
6- Ethyl Undecane ,CCCCCC(CC)CCCCC,17312-60-6,0.100677415,4041.08,184.36,0.74
6-Undecanone ,CCCCCC(=O)CCCCC,927-49-1,0.012932231,631.08,170.29,0.83
6-Undecanol ,CCCCCC(CCCCC)O,23708-56-7,2.607602372,121065.63,172.31,0.80
Tetradecane ,CCCCCCCCCCCCCC,629-59-4,0.11953107,4603.14,198.39,0.76
5-Methyl Tetradecane ,CCCCCCCCCC(C)CCCC,25117-32-2,0.221387571,7942.06,212.41,0.76
1-Hexanone 1-Phenyl ,CCCCCC(=O)C1=CC=CC=C1,942-92-7,0.031444784,1694.80,176.26,0.95
Pentadecane ,CCCCCCCCCCCCCCC,629-62-9,0.141758867,5132.18,212.41,0.77
6-Tridecanone ,CCCCCCCC(=O)CCCCC,22026-12-6,0.188580118,7606.34,198.34,0.80
6-methyl Pentadecane,CCCCCCCCCC(C)CCCCC,10105-38-1,0.044844695,1505.12,226.44,0.76
8-Pentadecanone,CCCCCCCC(=O)CCCCCCC,818-23-5,0.077699967,2745.58,226.40,0.80
2-Hexyl 1-Octanol,CCCCCCC(CCCCCC)CO,19780-79-1,0.043715995,1704.68,214.39,0.84
7-Methyl Hexadecane ,CCCCCCC(C)CCCCCCCCC,26730-20-1,0.002825143,90.46,240.47,0.77
6-Tetradecanone ,CCCCCC(CCCCCCCC)=O,6836-42-6,0.118527075,4607.80,212.37,0.83
6-Propyl Tridecane ,CCCCCCCC(CCC)CCCCC,55045-10-8,0.163709997,5581.35,226.44,0.77
Hexadecane ,CCCCCCCCCCCCCCCC,544-76-3,0.330595189,11285.55,226.44,0.77
Heptadecane ,CCCCCCCCCCCCCCCCC,629-78-7,0.1871257,6045.60,240.50,0.78
Octadecane ,CCCCCCCCCCCCCCCCCC,593-45-3,0.764054485,23326.93,254.50,0.78
2-Methyl Octadecane ,CCCCCCCCCCCCCCCCC(C)C,1560-88-9,0.030323785,903.50,268.50,0.80
"2,6,10,15-Tetramethyl Heptadecane",CCC(C)CCCCC(C)CCCC(C)CCCC(C)C,54833-48-6,0.192884592,5202.55,296.60,0.80
Nonadecane ,CCCCCCCCCCCCCCCCCCC,629-92-5,0.427454647,12513.20,268.50,0.79
Eicosane ,CCCCCCCCCCCCCCCCCCCC,112-95-8,0.079596218,2222.78,282.50,0.79
2-Methyl Eicosane ,CCCCCCCCCCCCCCCCCCC(C)C,52845-08-6,0.443095849,11951.34,296.60,0.80
Docosane ,CCCCCCCCCCCCCCCCCCCCCC,629-97-0,0.088576062,2218.68,310.60,0.78
9-Hexyl Heptadecane,CCCCCCCCC(CCCCCC)CCCCCCCC,55124-79-3,0.030774159,758.45,324.60,0.80
6-Methyl Docosane ,CCCCCCCCCCCCCCCCC(C)CCCCC,55124-81-7,0.061247595,1509.49,324.60,0.80
Tricosane ,CCCCCCCCCCCCCCCCCCCCCCC,638-67-5,0.04922282,1179.77,324.60,0.78
2-Methyl Tricosane ,CCCCCCCCCCCCCCCCCCCCCC(C)C,1928-30-9,0.10,2323.80,338.70,0.80
Tetracosane ,CCCCCCCCCCCCCCCCCCCCCCCC,211-474-5,0.048102419,1136.17,338.70,0.80
Pentacosane ,CCCCCCCCCCCCCCCCCCCCCCCCC,629-99-2,0.053712665,1218.32,352.70,0.80
7-Hexyl Eicosane ,CCCCCCCCCCCCCC(CCCCCC)CCCCCC,55333-99-8,0.012506937,272.85,366.70,0.80
7-Butyl Docosane ,CCCCCCCCCCCCCCCC(CCCC)CCCCCC,55282-15-0,0.02010042,438.51,366.70,0.80
Heptacosane ,CCCCCCCCCCCCCCCCCCCCCCCCCCC,593-49-7,0.010795444,226.85,380.70,0.80